size, seconds
12146, 0.007179
25340, 0.001934
38525, 0.004639
51734, 0.006012
64922, 0.002268
78119, 0.004664
91322, 0.003528
104528, 0.003746
117719, 0.007201
130917, 0.005021
