size, seconds
12146, 0.008102
25340, 0.014669
38525, 0.031352
51734, 0.027429
64922, 0.030824
78119, 0.044452
91322, 0.061265
104528, 0.083389
117719, 0.124868
130917, 0.104985
