size, seconds
12146, 0.002701
25340, 0.003293
38525, 0.004186
51734, 0.006485
64922, 0.006811
78119, 0.007457
91322, 0.020688
104528, 0.013032
117719, 0.012290
130917, 0.013034
