size, seconds
130917, 0.061029
271908, 0.129063
412887, 0.222743
553899, 0.308871
694881, 0.337445
835878, 1.125070
976878, 0.433301
1117890, 0.454553
1258881, 0.537632
1399873, 0.620650
