size, seconds
1087, 0.001116
2314, 0.000933
3538, 0.004204
4771, 0.002615
5998, 0.003081
7225, 0.002393
8455, 0.003566
9688, 0.004451
10915, 0.007100
12146, 0.003713
