size, seconds
130917, 0.013294
271908, 0.009165
412887, 0.011692
553899, 0.013940
694881, 0.020540
835878, 0.022032
976878, 0.035528
1117890, 0.026273
1258881, 0.029274
1399873, 0.627832
